File,R²,RMSE
Au_Ag 3RHA.xlsx,0.7553997984053573,0.35365224246420246
