,Oad1,Inc1,dOad,dInc,Oad2,Inc2,Oad1_Inc1,Oad2_Inc2
Ag_Au 3RHA.xlsx,7.464353070719646,15.195907876354442,17.894234354352943,7.469011323006388,7.232586688638247,21.411071070780594,10.916256005634242,12.416579610513503
