File,R²,RMSE
Ag_Au 3RHA.xlsx,0.799349426856411,0.3283902286178496
