,Oad1,Inc1,dOad,dInc,Oad2,Inc2,Oad1_Inc1,Oad2_Inc2
Au_Ag 3RHA.xlsx,7.033202208405249,15.885969497232685,14.130719223691708,8.608168719929566,8.30264921134615,24.09619288705588,9.944361470965534,11.99873678137321
