,Oad1,Inc1,dOad,dInc,Oad2,Inc2,Oad1_Inc1,Oad2_Inc2
Au_Ag 3RHA.xlsx,0.0882988321268511,0.2316057273659188,0.14309667712023388,0.11861572997662728,0.06884090471431499,0.3940586325982497,0.17252273248483108,0.12400440351316828
