,Oad1,Inc1,dOad,dInc,Oad2,Inc2,Oad1_Inc1,Oad2_Inc2
Ag_Au 3RHA.xlsx,0.0866183697828322,0.2347627918836067,0.18847678173945698,0.08534976774554323,0.07321122829381362,0.2994646261853201,0.18113882864062272,0.12833270084524817
